,precision,recall,f1-score,support
1,0.8461538461538461,0.9166666666666666,0.8799999999999999,12.0
2,0.8333333333333334,0.8333333333333334,0.8333333333333334,12.0
3,1.0,0.8333333333333334,0.9090909090909091,24.0
4,0.7894736842105263,1.0,0.8823529411764706,15.0
5,1.0,0.9473684210526315,0.972972972972973,19.0
accuracy,0.9024390243902439,0.9024390243902439,0.9024390243902439,0.9024390243902439
macro avg,0.8937921727395413,0.906140350877193,0.8955500313147372,82.0
weighted avg,0.9145847733780982,0.9024390243902439,0.903658078320919,82.0
